dataset,accuracy,precision,recall,f1_score
train,0.9067192192192193,0.9115130974443892,0.9067192192192193,0.9063542467866991
validation,0.9089316987740805,0.9133815837250652,0.9089316987740805,0.9087265141792588
