train_angle_1_mae,train_angle_1_rmse,train_angle_1_r2,train_angle_2_mae,train_angle_2_rmse,train_angle_2_r2,train_angle_3_mae,train_angle_3_rmse,train_angle_3_r2,train_overall_mae,train_overall_rmse,val_angle_1_mae,val_angle_1_rmse,val_angle_1_r2,val_angle_2_mae,val_angle_2_rmse,val_angle_2_r2,val_angle_3_mae,val_angle_3_rmse,val_angle_3_r2,val_overall_mae,val_overall_rmse
1.5559178914273302,1.9562698622745827,0.9359124728599003,1.298350615527656,1.6731153269544687,0.9841044607830164,1.9352737294156173,2.5071572796548525,0.944439893592369,1.5965140787902004,2.0746199889987924,3.5004472772693944,4.906241127494318,0.6177383907213492,3.05703064699247,4.428670195023347,0.8905302489947053,4.6935007656375145,6.675023836529331,0.6131772073446321,3.7503262299664595,5.423414204958583
